vrname,wgt
zED,0.33236149
zHE,0.31775355
zSE,0.34988499
