varname,coeff
zSE_HOME,0.379592955
zSE_MHE,0.469947994
zSE_OCC,0.429870784
zSE_POVRATE,0.480538875
zSE_PUBLIC,0.468349814
